Shift,Autocorrelation
0,1.000000
1,0.001021
2,0.000686
3,0.000417
4,0.000734
5,-0.000029
6,0.002410
7,0.000455
8,-0.001998
9,0.000377
10,-0.000064
11,-0.000593
12,0.001264
13,0.001153
14,-0.000614
15,0.000865
16,-0.000030
17,-0.000153
18,0.000114
19,0.000027
20,0.001310
21,-0.000141
22,0.000448
23,0.001695
24,-0.000862
25,0.002129
26,0.001062
27,0.000047
28,0.000374
29,-0.000649
30,0.001840
31,-0.001411
32,0.001454
